# 第一章 MySql安装

## Linux/UNIX 上安装 MySQL

安装前，我们可以检测系统是否自带安装 MySQL:
```mysql
rpm -qa | grep mysql
```

如果你系统有安装，那可以选择进行卸载:
```mysql
rpm -e mysql　　// 普通删除模式
rpm -e --nodeps mysql　　// 强力删除模式，如果使用上面命令删除时，提示有依赖的其它文件，则用该命令可以对其进行强力删除
```

安装 MySQL：
```mysql
wget http://repo.mysql.com/mysql-community-release-el7-5.noarch.rpm
rpm -ivh mysql-community-release-el7-5.noarch.rpm
yum update
yum install mysql-server
```

权限设置：
```mysql
chown -R mysql:mysql /var/lib/mysql/
```

> 如果报错：invalid user: ‘mysql:mysql’，执行如下命令
```mysql
chattr -ia /etc/passwd
chattr -ia /etc/group
chattr -ia /etc/shadow
chattr -ia /etc/gshadow

yum install mysql-server
chown -R mysql:mysql /var/lib/mysql
```



初始化 MySQL：
```mysql
mysqld --user=root --initialize
```

启动 MySQL：
```mysql
systemctl start mysqld
```

查看 MySQL 运行状态：
```mysql
systemctl status mysqld
```

## 验证 MySQL 安装结果

查看 MySQL 服务器版本：
```mysql
[root@host]# mysqladmin --version
```

linux上该命令将输出以下结果，该结果基于你的系统信息：
```mysql
mysqladmin  Ver 8.42 Distrib 5.6.51, for Linux on x86_64
```

## 使用 MySQL Client(Mysql客户端) 执行简单的SQL命令
```mysql
[root@host]# mysql
```

> 说明：你可以在 MySQL Client(Mysql客户端) 使用 mysql 命令连接到 MySQL 服务器上，默认情况下 MySQL 服务器的登录密码为空，所以本实例不需要输入密码。
> 直接使用mysql命令登录服务器时，用户名是空的，即 ''@'localhost'

## Mysql安装后需要做的
```mysql
[root@host]# mysqladmin -u root password "new_password";
```

> 说明：使用mysqladmin命令，给root用户，通过password关键字，设置了一个新的密码 
> 说明：首次登陆无密码，在输入密码环节，直接回车即可，此后root 用户的密码就已经是 "new_password"

```mysql
[root@host]# mysqladmin -u root "old_passorod" password "new_password";
```

> 说明：使用mysqladmin命令，给root用户，通过password关键字，更换了一个新的密码 

注意：
mysql ---> 连接mysql服务器，而不是服务器上的数据库

mysqladmin ----> 管理mysql服务器，比如修改账号密码，关闭/开启mysql服务器

# 第二章 MySql管理

## 启动及关闭 MySQL 服务器

开启mysql服务器
```mysql
root@host# cd /usr/bin
./mysqld_safe &
```

关闭mysql服务器
```mysql
root@host# cd /usr/bin
./mysqladmin -u root -p shutdown
Enter password: ******
```

## MySQL 用户设置

### 方式1 在user表中插入数据
```mysql
root@host# mysql -u root -p
mysql> INSERT INTO user 
    -> (host, user, password, 
    -> select_priv, insert_priv, update_priv) 
    -> VALUES ('localhost', 'guest', 
    -> PASSWORD('guest123'), 'Y', 'Y', 'Y');
mysql> FLUSH PRIVILEGES;    
```

> 说明：上述方式报错，`ERROR 1364 (HY000): Field 'ssl_cipher' doesn't have a default value`，即user表中有一些字段没有缺省值，导致无法insert 成功；
> 需要额外使用命令：`FLUSH PRIVILEGES;`，否则需要重启mysql服务器后，guest才能登录mysql服务器。 

### 方式2 使用grant 命令

```mysql
mysql> grant all privileges on *.* to guest@localhost identified by 'guest';
mysql> select user(); // 显示当前登陆的那一个用户，所以是user，不是users
mysql> select database(); // 显示当前使用的那一个数据库，所以是database，不是databases
mysql> show databases; // 显示所有数据库，所以是databases
mysql> show tables; // 显示数据库下的所有表，所以是tables
```

> 说明，上述方式直接生效，即guest用户可以立即登录mysql服务器；后可以查看当前用户；

```mysql
mysql> select database();
+------------+
| database() |
+------------+
| NULL       |
+------------+
1 row in set (0.00 sec)
```
> 说明：如果没有use + 数据库，则`select database();` 将展示 NULL

> select 后面加方法，所以方法后面必须要有()，表明这是一个方法；而`show database; show tables;` 则无需加()

# 第三章 创建/删除数据库

## 创建数据库

### 方法1
```mysql
root@host# mysql -u root -p
mysql> create database if not exists lm_test_db1;
```

创建的时候，可以加上`if not exists`，即如果不存在才创建

### 方法2
```mysql
root@host# mysqladmin -u root -p create lm_test_db_2;
```

创建的时候，不能加上`if not exists`，即没那么灵活；并且，是 `create` 而不是 `create database`


## 删除数据库

### 方法1
```mysql
root@host# mysql -u root -p
mysql> drop database lm_test_db1;
```

> 必须指明 drop database，而不是 drop

### 方法2
```mysql
root@host# mysqladmin -u root -p drop lm_test_db_2;
```

注意，是 `drop ` 而不是 `drop database`

# 第四章 数据类型

## 数值类型

类型 | 大小 | 范围（有符号） | 范围（无符号）| 用途
---|---|---|---|---
TINYINT | 1 Bytes |	(-128，127)	| (0，255) |	小整数值
SMALLINT | 2 Bytes | (-32 768，32 767) | (0，65 535) | 大整数值
MEDIUMINT | 3 Bytes | (-8 388 608，8 388 607) | (0，16 777 215) | 大整数值
INT或INTEGER | 4 Bytes | (-2 147 483 648，2 147 483 647) | (0，4 294 967 295) | 大整数值
BIGINT | 8 Bytes | (-9,223,372,036,854,775,808，9 223 372 036 854 775 807) | (0，18 446 744 073 709 551 615) | 极大整数值
FLOAT | 4 Bytes | (-3.402 823 466 E+38，-1.175 494 351 E-38)，0，(1.175 494 351 E-38，3.402 823 466 351 E+38) | 0，(1.175 494 351 E-38，3.402 823 466 E+38) | 单精度浮点数值
DOUBLE | 8 Bytes | (-1.797 693 134 862 315 7 E+308，-2.225 073 858 507 201 4 E-308)，0，(2.225 073 858 507 201 4 E-308，1.797 693 134 862 315 7 E+308) | 0，(2.225 073 858 507 201 4 E-308，1.797 693 134 862 315 7 E+308) | 双精度浮点数值
DECIMAL | 对DECIMAL(M,D) ，如果M>D，为M+2否则为D+2 | 依赖于M和D的值 | 依赖于M和D的值 | 小数值

## 日期和时间

类型 | 大小（Bytes） | 范围（有符号） | 范围（无符号）| 用途
---|---|---|---|---
DATE | 3 | 1000-01-01/9999-12-31 | YYYY-MM-DD | 日期值
TIME | 3 | '-838:59:59'/'838:59:59' | HH:MM:SS | 时间值或持续时间
YEAR | 1 | 1901/2155 | YYYY	年份值
DATETIME | 8 | '1000-01-01 00:00:00' 到 '9999-12-31 23:59:59' | YYYY-MM-DD hh:mm:ss | 混合日期和时间值
TIMESTAMP | 4 | '1970-01-01 00:00:01' UTC 到 '2038-01-19 03:14:07' UTC，结束时间是第 2147483647 秒，北京时间 2038-1-19 11:14:07，格林尼治时间 2038年1月19日 凌晨 03:14:07 | YYYY-MM-DD hh:mm:ss | 混合日期和时间值，时间戳

## 字符串类型
类型 | 大小（Bytes） | 用途
---|---|---
CHAR | 0-255 bytes | 定长字符串
VARCHAR | 0-65535 bytes | 变长字符串
TINYBLOB | 0-255 bytes | 不超过 255 个字符的二进制字符串
TINYTEXT | 0-255 bytes | 短文本字符串
BLOB | 0-65 535 bytes | 二进制形式的长文本数据
TEXT | 0-65 535 bytes | 长文本数据
MEDIUMBLOB | 0-16 777 215 bytes | 二进制形式的中等长度文本数据
MEDIUMTEXT | 0-16 777 215 bytes | 中等长度文本数据
LONGBLOB | 0-4 294 967 295 bytes | 二进制形式的极大文本数据
LONGTEXT | 0-4 294 967 295 bytes | 极大文本数据


注意：char(n) 和 varchar(n) 中括号中 n 代表字符的个数，并不代表字节个数，比如 CHAR(30) 就可以存储 30 个字符。
CHAR 和 VARCHAR 类型类似，但它们保存和检索的方式不同。它们的最大长度和是否尾部空格被保留等方面也不同。在存储或检索过程中不进行大小写转换。

> 说明：BLOB (binary large object)


# 第五章 创建/删除数据库表

## 创建表
```mysql
root@host# mysql -u root -p
Enter password:*******
mysql> use mysql;
Database changed
mysql> CREATE TABLE runoob_tbl(
   -> runoob_id INT NOT NULL AUTO_INCREMENT,
   -> runoob_title VARCHAR(100) NOT NULL,
   -> runoob_author VARCHAR(40) NOT NULL,
   -> submission_date DATE,
   -> PRIMARY KEY ( runoob_id )
   -> )ENGINE=InnoDB DEFAULT CHARSET=utf8;
 ```
 
 注意：use mysql == use database mysql。列名字后面先跟数据类型，再跟默认值，再跟其他；主键可以由多列组成；默认字符集 = utf8
 
## 删除表
```mysql
root@host# mysql -u root -p
Enter password:*******
mysql> use RUNOOB;
Database changed
mysql> DROP TABLE runoob_tbl; // 必须指明是drop + table + table_name，而不是 drop + table_name
mysql>
```

# 第六章 添加/删除/更新/查询

## 插入数据 
### 插入1条数据
```mysql
mysql> INSERT INTO table_name  (field1, field2,...fieldN)
    -> VALUES
    -> (valueA1,valueA2,...valueAN);
```

说明：mysql语句，以符号 `;`作为命令结束符，即只有遇到符号 `;`才会提交执行sql预计

### 插入多条数据
```mysql
mysql> INSERT INTO table_name  (field1, field2,...fieldN)  
    -> VALUES
    -> (valueA1,valueA2,...valueAN),
    -> (valueB1,valueB2,...valueBN),
    -> (valueC1,valueC2,...valueCN);
```

说明：多条数据需要以符号`,`作为分隔符

### 如果所有列都要添加数据，可以不规定列进行添加数据：
```mysql
mysql> INSERT INTO table_name
    -> VALUES
    -> (valueA1,valueA2,...valueAN);
```

### 如果添加过主键自增（PRINARY KEY AUTO_INCREMENT）第一列在增加数据的时候，可以写为0或者null，这样添加数据可以自增
```mysql
mysql> INSERT INTO runoob_tbl
    -> VALUES
    -> (0, "JAVA 教程", "RUNOOB.COM", '2016-05-06');
```

## 查询数据

### 分页
```mysql
mysql> select * from table_name limit (start-1)*pageSize, pageSize;

例如
    select * from table_name limit 0, 10;
    select * from table_name limit 10, 10;
    select * from table_name limit 20, 10;
```

说明：查询第一页10条数据；查询第二页10条数据；查询第三页10条数据

```mysql
mysql> select * from table_name limit 10;
mysql> select * from table_name limit 0, 10;
```

说明：两条语句等价，都是从第一条数据开始，选择10条数据

### 区分大小写
默认情况下，mysql不区分大小写，如果需要区分，使用关键字`binary`

```mysql
mysql> SELECT * from runoob_tbl WHERE BINARY runoob_author='runoob.com';
```

说明，代码执行顺序
```mysql
FROM  --- 从哪张表
WHERE --- 条件
GROUP BY --- 先分组，再处理
HAVING --- 分组的条件
SELECT --- 选择数据
DISTINCT --- 去重
UNION --- 合并（可以理解为 union 两边的sql先执行）
ORDER BY --- 已经获取到数据了，按照这个顺序排序
LIMIT and OFFSET ---  已经获取到数据了，按照这个筛选N条数据
```

## 更新数据
```mysql
mysql> UPDATE runoob_tbl SET runoob_title='学习 C++' WHERE runoob_id=3;
```

### 批量更新
```mysql
将所有人的年龄增加 1: update students set age=age+1;
```

### 仅更新指定字符
```mysql
UPDATE runoob_tbl SET runoob_title = REPLACE(runoob_title, 'C++', 'Python') where 
runoob_id = 3;
```

## 删除数据

```mysql
mysql> DELETE FROM runoob_tbl WHERE runoob_id=3;
mysql> DELETE FROM runoob_tbl;
```

### delete/truncate/drop 的区别

1. delete 和 truncate 仅仅删除表数据，drop 连表数据和表结构一起删除，打个比方，delete 是单杀，truncate 是团灭，drop 是把电脑摔了。
2. delete 是 DML（数据操作语言）语句，操作完以后如果没有不想提交事务还可以回滚；truncate 和 drop 是 DDL（数据定义语言） 语句，操作完马上生效，不能回滚，打个比方，delete 是发微信说分手，后悔还可以撤回，truncate 和 drop 是直接扇耳光说滚，不能反悔。
3. 执行的速度上，drop>truncate>delete，打个比方，drop 是神舟火箭，truncate 是和谐号动车，delete 是自行车。

## like模糊匹配

```mysql
'%a'     //以a结尾的数据
'a%'     //以a开头的数据
'%a%'    //含有a的数据
'_a_'    //三位且中间字母是a的
'_a'     //两位且结尾字母是a的
'a_'     //两位且开头字母是a的
```

## union/union all
union 去重；union all 不去重

## 排序
默认排序：升序，即ASC ；降序 DESC

### 汉字列排序

如果字符集采用的是 gbk(汉字编码字符集)，直接在查询语句后边添加 ORDER BY：
```mysql
SELECT * 
FROM runoob_tbl
ORDER BY runoob_title;
```

如果字符集采用的是 utf8(万国码)，需要先对字段进行转码然后排序：
```mysql
SELECT * 
FROM runoob_tbl
ORDER BY CONVERT(runoob_title using gbk);
```

## 分组
```mysql
mysql> SELECT name, SUM(signin) as signin_count FROM  employee_tbl GROUP BY name;
+--------+--------------+
| name   | signin_count |
+--------+--------------+
| 小丽 |            2 |
| 小明 |            7 |
| 小王 |            7 |
+--------+--------------+
3 rows in set (0.00 sec)
```


```mysql
mysql> SELECT name, SUM(signin) as signin_count FROM  employee_tbl GROUP BY name WITH ROLLUP;
+--------+--------------+
| name   | signin_count |
+--------+--------------+
| 小丽 |            2 |
| 小明 |            7 |
| 小王 |            7 |
| NULL   |           16 |
+--------+--------------+
4 rows in set (0.00 sec)
```

说明：with rollup 做了一个加和，得到所有的总和


```mysql
mysql> SELECT coalesce(name, '总数'), SUM(signin) as signin_count FROM  employee_tbl GROUP BY name WITH ROLLUP;
+--------+--------------+
| name   | signin_count |
+--------+--------------+
| 小丽 |            2 |
| 小明 |            7 |
| 小王 |            7 |
| 总数   |           16 |
+--------+--------------+
4 rows in set (0.00 sec)
```

说明：coalesce函数，如果name为NULL，则使用'总数'


## NULL值的查找


```mysql
mysql> SELECT * FROM  employee_tbl where runoob_count = NULL; // 不起作用，即无法查询出数据，即使有的runoob_count 是 NULL
mysql> SELECT * FROM  employee_tbl where runoob_count is NULL; // 起作用
```


# 第七章 正则表达式

<img width="1070" alt="企业微信截图_72f2be9d-21ea-4d56-a37a-a8fcff2aa09f" src="https://user-images.githubusercontent.com/13763576/185391718-ba350161-3108-4238-b85e-ed9fb2f1efbd.png">


查找name字段中以'st'为开头的所有数据：
```mysql
mysql> SELECT name FROM person_tbl WHERE name REGEXP '^st';
```

查找name字段中以'ok'为结尾的所有数据：
```mysql
mysql> SELECT name FROM person_tbl WHERE name REGEXP 'ok$';
```

查找name字段中包含'mar'字符串的所有数据：
```mysql
mysql> SELECT name FROM person_tbl WHERE name REGEXP 'mar';
```

查找name字段中以元音字符开头或以'ok'字符串结尾的所有数据：
```mysql
mysql> SELECT name FROM person_tbl WHERE name REGEXP '^[aeiou]|ok$';
```


# 第八章 事务
在 MySQL 中只有使用了 Innodb 数据库引擎的数据库或表才支持事务。

事务处理可以用来维护数据库的完整性，保证成批的 SQL 语句要么全部执行，要么全部不执行。

事务用来管理 insert,update,delete 语句

一般来说，事务是必须满足4个条件（ACID）：：原子性（Atomicity，或称不可分割性）、一致性（Consistency）、隔离性（Isolation，又称独立性）、持久性（Durability）。

原子性：一个事务（transaction）中的所有操作，要么全部完成，要么全部不完成，不会结束在中间某个环节。事务在执行过程中发生错误，会被回滚（Rollback）到事务开始前的状态，就像这个事务从来没有执行过一样。

一致性：在事务开始之前和事务结束以后，数据库的完整性没有被破坏。这表示写入的资料必须完全符合所有的预设规则，这包含资料的精确度、串联性以及后续数据库可以自发性地完成预定的工作。

隔离性：数据库允许多个并发事务同时对其数据进行读写和修改的能力，隔离性可以防止多个事务并发执行时由于交叉执行而导致数据的不一致。事务隔离分为不同级别，包括读未提交（Read uncommitted）、读提交（read committed）、可重复读（repeatable read）和串行化（Serializable）。

持久性：事务处理结束后，对数据的修改就是永久的，即便系统故障也不会丢失。

## 事务控制语句
`BEGIN` 或 `START TRANSACTION` 显式地开启一个事务；

`COMMIT` 也可以使用 `COMMIT WORK`，不过二者是等价的。COMMIT 会提交事务，并使已对数据库进行的所有修改成为永久性的；

`ROLLBACK` 也可以使用 `ROLLBACK WORK`，不过二者是等价的。回滚会结束用户的事务，并撤销正在进行的所有未提交的修改；

`SAVEPOINT identifier`，`SAVEPOINT` 允许在事务中创建一个保存点，一个事务中可以有多个 `SAVEPOINT`；

`RELEASE SAVEPOINT identifier` 删除一个事务的保存点，当没有指定的保存点时，执行该语句会抛出一个异常；

`ROLLBACK TO identifier` 把事务回滚到标记点；

`SET TRANSACTION` 用来设置事务的隔离级别。InnoDB 存储引擎提供事务的隔离级别有`READ UNCOMMITTED`、`READ COMMITTED`、`REPEATABLE READ` 和 `SERIALIZABLE`。

> 说明：savepoint 是在数据库事务处理中实现“子事务”（subtransaction），也称为嵌套事务的方法。事务可以回滚到 savepoint 而不影响 savepoint 创建前的变化, 不需要放弃整个事务。
ROLLBACK 回滚的用法可以设置保留点 SAVEPOINT，执行多条操作时，回滚到想要的那条语句之前。


## MYSQL 事务处理主要有两种方法

### 用 BEGIN, ROLLBACK, COMMIT来实现

BEGIN 开始一个事务

ROLLBACK 事务回滚

COMMIT 事务确认

### 直接用 SET 来改变 MySQL 的自动提交模式

SET AUTOCOMMIT=0 禁止自动提交

SET AUTOCOMMIT=1 开启自动提交

举例子
```mysql
mysql> use RUNOOB;
Database changed
mysql> CREATE TABLE runoob_transaction_test( id int(5)) engine=innodb;  # 创建数据表
Query OK, 0 rows affected (0.04 sec)
 
mysql> select * from runoob_transaction_test;
Empty set (0.01 sec)
 
mysql> begin;  # 开始事务
Query OK, 0 rows affected (0.00 sec)
 
mysql> insert into runoob_transaction_test value(5);
Query OK, 1 rows affected (0.01 sec)
 
mysql> insert into runoob_transaction_test value(6);
Query OK, 1 rows affected (0.00 sec)
 
mysql> commit; # 提交事务
Query OK, 0 rows affected (0.01 sec)
 
mysql>  select * from runoob_transaction_test;
+------+
| id   |
+------+
| 5    |
| 6    |
+------+
2 rows in set (0.01 sec)
 
mysql> begin;    # 开始事务
Query OK, 0 rows affected (0.00 sec)
 
mysql>  insert into runoob_transaction_test values(7);
Query OK, 1 rows affected (0.00 sec)
 
mysql> rollback;   # 回滚
Query OK, 0 rows affected (0.00 sec)
 
mysql>   select * from runoob_transaction_test;   # 因为回滚所以数据没有插入
+------+
| id   |
+------+
| 5    |
| 6    |
+------+
2 rows in set (0.01 sec)
 
mysql>
```

# 第九章 alter语句

```mysql
mysql> create table testalter_tbl
    -> (
    -> i INT,
    -> c CHAR(1)
    -> );
```

## 删除，添加或修改表字段

如下命令使用了 ALTER 命令及 DROP 子句来删除以上创建表的 i 字段：
```mysql
mysql> ALTER TABLE testalter_tbl  DROP i;
```
如果数据表中只剩余一个字段则无法使用DROP来删除字段。必须指明 ALTER TABLE，而不是 ALTER

MySQL 中使用 ADD 子句来向数据表中添加列，如下实例在表 testalter_tbl 中添加 i 字段，并定义数据类型:

```mysql
mysql> ALTER TABLE testalter_tbl ADD i INT;
```
执行以上命令后，i 字段会自动添加到数据表字段的末尾。

```mysql
mysql> SHOW COLUMNS FROM testalter_tbl;
+-------+---------+------+-----+---------+-------+
| Field | Type    | Null | Key | Default | Extra |
+-------+---------+------+-----+---------+-------+
| c     | char(1) | YES  |     | NULL    |       |
| i     | int(11) | YES  |     | NULL    |       |
+-------+---------+------+-----+---------+-------+
2 rows in set (0.00 sec)
```

如果你需要指定新增字段的位置，可以使用MySQL提供的关键字 FIRST (设定位第一列)， AFTER 字段名（设定位于某个字段之后）。

```mysql
ALTER TABLE testalter_tbl DROP i;
ALTER TABLE testalter_tbl ADD i INT FIRST;
ALTER TABLE testalter_tbl DROP i;
ALTER TABLE testalter_tbl ADD i INT AFTER c;
```
FIRST 和 AFTER 关键字可用于 ADD 与 MODIFY 子句，所以如果你想重置数据表字段的位置就需要先使用 DROP 删除字段然后使用 ADD 来添加字段并设置位置。


## 修改字段类型及名称

如果需要修改字段类型及名称, 你可以在ALTER命令中使用 MODIFY 或 CHANGE 子句 。

例如，把字段 c 的类型从 CHAR(1) 改为 CHAR(10)，可以执行以下命令:
```mysql
mysql> ALTER TABLE testalter_tbl MODIFY c CHAR(10);
```

使用 CHANGE 子句, 语法有很大的不同。 在 CHANGE 关键字之后，紧跟着的是你要修改的字段名，然后指定新字段名及类型。尝试如下实例：
```mysql
mysql> ALTER TABLE testalter_tbl CHANGE i j BIGINT;
mysql> ALTER TABLE testalter_tbl CHANGE j j INT;
```

## 设置默认值

修改类型，同时设置默认值
```mysql
mysql> ALTER TABLE testalter_tbl 
    -> MODIFY j BIGINT NOT NULL DEFAULT 100;
```

仅修改默认值
```mysql
mysql> ALTER TABLE testalter_tbl ALTER i SET DEFAULT 1000;
```

> 注意，此语句中有两个alter


你也可以使用 ALTER 命令及 DROP子句来删除字段的默认值，如下实例：
```mysql
mysql> ALTER TABLE testalter_tbl ALTER i DROP DEFAULT;
mysql> SHOW COLUMNS FROM testalter_tbl;
+-------+---------+------+-----+---------+-------+
| Field | Type    | Null | Key | Default | Extra |
+-------+---------+------+-----+---------+-------+
| c     | char(1) | YES  |     | NULL    |       |
| i     | int(11) | YES  |     | NULL    |       |
+-------+---------+------+-----+---------+-------+
2 rows in set (0.00 sec)
Changing a Table Type:
```

> 注意，此语句中有两个alter

## 修改表名
```mysql
mysql> ALTER TABLE testalter_tbl RENAME TO alter_tbl;
```


# 第十章 索引
索引可以大大提高MySQL的检索速度，但是会降低更新数据的速度，因为索引是一张表，该表保存了主键与索引字段，并指向实体表的记录，更新时需要同步更新此表。

索引分单列索引和组合索引。单列索引，即一个索引只包含单个列，一个表可以有`多个`单列索引，但这`不是组合索引`。组合索引，即一个索引包含多个列。


## 创建普通索引

这是最基本的索引，它没有任何限制。它有以下几种创建方式：
```mysql
CREATE INDEX indexName ON table_name (column_name)
```
如果是CHAR，VARCHAR类型，length可以小于字段实际长度；如果是BLOB和TEXT类型，必须指定 length。

修改表结构(添加索引)
```mysql
ALTER table tableName ADD INDEX indexName(columnName)
```

创建表的时候直接指定
```mysql
CREATE TABLE mytable(  
 
ID INT NOT NULL,   
 
username VARCHAR(16) NOT NULL,  
 
INDEX [indexName] (username(length))  
 
);
```


## 创建唯一索引

它与前面的普通索引类似，不同的就是：索引列的值必须唯一，但允许有空值。如果是组合索引，则列值的组合必须唯一。它有以下几种创建方式：

创建索引
```mysql
CREATE UNIQUE INDEX indexName ON mytable(username(length)) 
```

修改表结构
```mysql
ALTER table mytable ADD UNIQUE [indexName] (username(length))
```

创建表的时候直接指定
```mysql
CREATE TABLE mytable(  
 
ID INT NOT NULL,   
 
username VARCHAR(16) NOT NULL,  
 
UNIQUE [indexName] (username(length))  
 
);  
```

## 使用ALTER 命令添加和删除索引


删除索引
```mysql
DROP INDEX [indexName] ON mytable; 
```

有四种方式来添加数据表的索引：

```mysql
ALTER TABLE tbl_name ADD PRIMARY KEY (column_list): 该语句添加一个主键，这意味着索引值必须是唯一的，且不能为NULL。
ALTER TABLE tbl_name ADD UNIQUE index_name (column_list): 这条语句创建索引的值必须是唯一的（除了NULL外，NULL可能会出现多次）。
ALTER TABLE tbl_name ADD INDEX index_name (column_list): 添加普通索引，索引值可出现多次。
ALTER TABLE tbl_name ADD FULLTEXT index_name (column_list):该语句指定了索引为 FULLTEXT ，用于全文索引。
```

以下实例为在表中添加索引。

```mysql
mysql> ALTER TABLE testalter_tbl ADD INDEX (c);
```

你还可以在 ALTER 命令中使用 DROP 子句来删除索引。尝试以下实例删除索引:
```mysql
mysql> ALTER TABLE testalter_tbl DROP INDEX c;
```

# 第十一章 临时表和元数据

## 临时表

MySQL 临时表在我们需要保存一些临时数据时是非常有用的。临时表只在当前连接可见，当关闭连接时，Mysql会自动删除表并释放所有空间。

```mysql
mysql> CREATE TEMPORARY TABLE SalesSummary (
    -> product_name VARCHAR(50) NOT NULL
    -> , total_sales DECIMAL(12,2) NOT NULL DEFAULT 0.00
    -> , avg_unit_price DECIMAL(7,2) NOT NULL DEFAULT 0.00
    -> , total_units_sold INT UNSIGNED NOT NULL DEFAULT 0
);
```

当你使用 SHOW TABLES命令显示数据表列表时，你将无法看到 SalesSummary表。

如果你退出当前MySQL会话，再使用 SELECT命令来读取原先创建的临时表数据，那你会发现数据库中没有该表的存在，因为在你退出时该临时表已经被销毁了。

```mysql
CREATE TEMPORARY TABLE 临时表名 AS
(
    SELECT *  FROM 旧的表名
    LIMIT 0,10000
);
```

## 元数据

命令 | 描述 
---|---
SELECT VERSION( ) | 服务器版本信息
SELECT DATABASE( ) | 当前数据库名 (或者返回空)
SELECT USER( ) | 当前用户名
SHOW STATUS | 服务器状态
SHOW VARIABLES | 服务器配置变量


